quadrant,count
5453.0,47
4548.0,40
4749.0,39
5143.0,36
4755.0,36
4065.0,31
4251.0,31
4855.0,30
2854.0,29
4160.0,29
4848.0,29
4657.0,29
4365.0,29
3567.0,28
4942.0,27
1658.0,27
5551.0,27
4558.0,26
4448.0,26
3550.0,26
3756.0,25
4363.0,25
3058.0,24
5452.0,24
5249.0,24
4856.0,23
4451.0,23
4864.0,23
5446.0,23
4550.0,22
2947.0,22
4023.0,21
3750.0,21
3152.0,21
4453.0,21
4339.0,21
4753.0,21
4364.0,21
4944.0,21
4357.0,21
4658.0,20
3051.0,20
1660.0,20
4048.0,20
4265.0,20
3850.0,20
3547.0,20
5441.0,20
3150.0,20
2851.0,20
5752.0,19
3444.0,19
5451.0,19
4760.0,19
3248.0,19
5351.0,19
3843.0,19
3349.0,19
4655.0,19
5939.0,19
4150.0,19
4654.0,19
3559.0,19
4456.0,19
4463.0,19
4067.0,19
3446.0,19
3555.0,19
5356.0,18
4623.0,18
5048.0,18
3250.0,18
5248.0,18
4446.0,18
3350.0,18
5044.0,18
5064.0,18
3449.0,17
5253.0,17
2848.0,17
6359.0,17
4450.0,17
3649.0,17
3847.0,17
5652.0,17
4652.0,17
4551.0,17
5262.0,17
3945.0,17
4264.0,17
5457.0,17
3252.0,16
4756.0,16
4853.0,16
3348.0,16
4464.0,16
2850.0,16
4547.0,16
3650.0,16
5050.0,16
3542.0,16
4717.0,16
3452.0,16
1462.0,15
3730.0,15
3352.0,15
3774.0,15
5238.0,15
4546.0,15
4948.0,15
4261.0,15
3538.0,15
4850.0,15
5063.0,15
4335.0,15
4146.0,15
5059.0,15
3071.0,15
4151.0,15
5145.0,15
4849.0,15
5053.0,15
1760.0,15
3853.0,15
4757.0,15
4257.0,15
3849.0,15
3549.0,14
4246.0,14
5134.0,14
4140.0,14
4077.0,14
4334.0,14
3149.0,14
3749.0,14
4340.0,14
4852.0,14
6151.0,14
5952.0,14
3959.0,14
1558.0,14
4646.0,14
5039.0,14
4862.0,14
4461.0,14
3245.0,14
3239.0,14
5352.0,14
6729.0,14
1766.0,13
3466.0,13
3851.0,13
3353.0,13
4863.0,13
7659.0,13
4346.0,13
4660.0,13
4139.0,13
4447.0,13
3941.0,13
4647.0,13
5340.0,13
3868.0,13
4851.0,13
2751.0,13
5041.0,13
4754.0,13
5038.0,13
1562.0,13
3745.0,13
4245.0,13
4762.0,13
4960.0,12
2553.0,12
2847.0,12
3048.0,12
3032.0,12
4956.0,12
4656.0,12
3151.0,12
3448.0,12
3154.0,12
5242.0,12
3343.0,12
2063.0,12
7132.0,12
2651.0,12
3546.0,12
5054.0,12
5055.0,12
7236.0,12
1659.0,12
3876.0,12
4358.0,12
3861.0,12
3848.0,12
5758.0,12
3729.0,12
3955.0,12
3961.0,12
4047.0,12
4059.0,12
5045.0,12
3642.0,12
4066.0,12
5043.0,12
3556.0,12
5852.0,12
3758.0,12
4239.0,12
4238.0,12
5142.0,12
5146.0,12
5155.0,12
1664.0,12
3145.0,11
3823.0,11
3242.0,11
5243.0,11
3757.0,11
5040.0,11
3228.0,11
7462.0,11
4860.0,11
5553.0,11
5137.0,11
2630.0,11
4761.0,11
4249.0,11
4230.0,11
5548.0,11
4332.0,11
4354.0,11
4062.0,11
6629.0,11
1163.0,11
3949.0,11
4567.0,11
4353.0,11
1557.0,11
4458.0,11
5961.0,11
5362.0,11
3744.0,11
4445.0,11
4946.0,11
3639.0,11
3748.0,11
4559.0,11
4455.0,11
5837.0,11
4957.0,11
3345.0,11
7232.0,11
4949.0,11
3638.0,11
4344.0,10
3970.0,10
3436.0,10
4348.0,10
4041.0,10
4854.0,10
6240.0,10
6058.0,10
4343.0,10
3046.0,10
3442.0,10
4165.0,10
4764.0,10
2659.0,10
3566.0,10
4467.0,10
5463.0,10
3474.0,10
2754.0,10
5162.0,10
5263.0,10
2849.0,10
758.0,10
1762.0,10
3944.0,10
4951.0,10
5838.0,10
3834.0,10
5341.0,10
3253.0,10
7331.0,10
5749.0,10
3845.0,10
5342.0,10
4569.0,10
3548.0,10
4430.0,10
3870.0,10
5753.0,10
7030.0,10
4650.0,10
5239.0,10
1459.0,10
4557.0,10
1559.0,10
3265.0,10
3737.0,10
6427.0,9
4449.0,9
6066.0,9
4748.0,9
5540.0,9
5456.0,9
4156.0,9
4163.0,9
3760.0,9
5925.0,9
6443.0,9
3480.0,9
4560.0,9
4256.0,9
5855.0,9
4562.0,9
4553.0,9
5563.0,9
5355.0,9
3964.0,9
4651.0,9
3056.0,9
3054.0,9
6238.0,9
3948.0,9
3652.0,9
4351.0,9
3435.0,9
3656.0,9
3962.0,9
3840.0,9
4428.0,9
3836.0,9
5349.0,9
6137.0,9
2976.0,9
4672.0,9
3640.0,9
3374.0,9
6350.0,9
4330.0,9
5949.0,9
3268.0,9
5139.0,9
5058.0,9
2559.0,9
5052.0,9
1951.0,9
5144.0,9
4950.0,9
2529.0,9
4961.0,9
5163.0,9
5046.0,9
4865.0,9
1859.0,9
6827.0,9
5159.0,9
1362.0,9
7233.0,9
5051.0,9
4338.0,8
3328.0,8
4337.0,8
4544.0,8
2951.0,8
4046.0,8
5069.0,8
3371.0,8
1959.0,8
3437.0,8
3440.0,8
3445.0,8
3450.0,8
3467.0,8
4345.0,8
4466.0,8
3539.0,8
5065.0,8
5126.0,8
6024.0,8
3346.0,8
3351.0,8
4049.0,8
2355.0,8
4144.0,8
3144.0,8
3162.0,8
5076.0,8
6851.0,8
5354.0,8
3052.0,8
6122.0,8
5244.0,8
3047.0,8
6863.0,8
6660.0,8
6658.0,8
6062.0,8
4568.0,8
4068.0,8
3332.0,8
4056.0,8
6263.0,8
4943.0,8
2975.0,8
5539.0,8
2855.0,8
4945.0,8
5466.0,8
1061.0,8
3558.0,8
1555.0,8
7235.0,8
3655.0,8
3661.0,8
1661.0,8
5659.0,8
3676.0,8
4243.0,8
3736.0,8
5662.0,8
5133.0,8
3871.0,8
3942.0,8
7355.0,8
3860.0,8
3829.0,8
1353.0,8
1453.0,8
5449.0,8
4255.0,8
2652.0,8
5049.0,8
4260.0,8
3648.0,8
1263.0,8
2551.0,8
5140.0,8
4235.0,8
4350.0,8
7162.0,8
5062.0,8
2852.0,8
5264.0,8
6368.0,8
4570.0,7
3234.0,7
4425.0,7
4423.0,7
2261.0,7
2250.0,7
7353.0,7
4347.0,7
3762.0,7
5854.0,7
5856.0,7
5353.0,7
5149.0,7
3858.0,7
5350.0,7
5549.0,7
5240.0,7
3966.0,7
4459.0,7
5148.0,7
6828.0,7
3855.0,7
5344.0,7
5547.0,7
5343.0,7
3560.0,7
3963.0,7
3125.0,7
5727.0,7
4333.0,7
1866.0,7
4959.0,7
5958.0,7
3384.0,7
5984.0,7
4045.0,7
3660.0,7
4452.0,7
5826.0,7
4953.0,7
3933.0,7
7032.0,7
1765.0,7
2050.0,7
7457.0,7
5757.0,7
5755.0,7
3927.0,7
4966.0,7
4549.0,7
5650.0,7
3340.0,7
3338.0,7
4645.0,7
5071.0,7
6052.0,7
2160.0,7
4360.0,7
4069.0,7
5565.0,7
4033.0,7
6167.0,7
3852.0,7
6337.0,7
2954.0,7
6235.0,7
4847.0,7
6451.0,7
2749.0,7
4174.0,7
3060.0,7
2958.0,7
4233.0,7
5330.0,7
6565.0,7
4166.0,7
6727.0,7
6459.0,7
7936.0,7
2359.0,7
4845.0,7
4759.0,7
4162.0,7
2842.0,7
4153.0,7
4228.0,7
2841.0,7
5127.0,7
2941.0,7
5334.0,7
6249.0,7
6188.0,7
6447.0,7
6335.0,6
3568.0,6
6262.0,6
3665.0,6
4837.0,6
7542.0,6
4055.0,6
5132.0,6
1827.0,6
4268.0,6
5428.0,6
6442.0,6
3677.0,6
1058.0,6
5759.0,6
2853.0,6
3279.0,6
6048.0,6
4061.0,6
5756.0,6
4244.0,6
2748.0,6
5754.0,6
3733.0,6
5658.0,6
4336.0,6
5956.0,6
1763.0,6
1253.0,6
5359.0,6
4042.0,6
4341.0,6
3635.0,6
3634.0,6
3947.0,6
6327.0,6
5252.0,6
2844.0,6
1158.0,6
7051.0,6
3956.0,6
1761.0,6
5164.0,6
6556.0,6
4824.0,6
4751.0,6
4750.0,6
958.0,6
5160.0,6
4746.0,6
4836.0,6
4668.0,6
6268.0,6
4669.0,6
4846.0,6
6426.0,6
5327.0,6
2952.0,6
4539.0,6
5332.0,6
3742.0,6
4678.0,6
5454.0,6
3527.0,6
6839.0,6
5345.0,6
4964.0,6
3155.0,6
3156.0,6
6357.0,6
5445.0,6
4419.0,6
3169.0,6
4135.0,6
5742.0,6
3863.0,6
4868.0,6
5744.0,6
6830.0,6
3862.0,6
2631.0,6
4861.0,6
4643.0,6
7434.0,6
4259.0,6
2530.0,6
4229.0,6
3841.0,6
5079.0,6
4263.0,6
2351.0,6
3075.0,6
4370.0,6
2876.0,6
4724.0,6
5261.0,6
6634.0,6
3059.0,6
5555.0,6
3243.0,6
3740.0,6
5158.0,6
5074.0,6
4473.0,6
3255.0,6
3746.0,6
3747.0,6
7750.0,6
4331.0,6
3752.0,6
6664.0,6
3247.0,6
5649.0,6
2737.0,6
7050.0,6
6861.0,6
5554.0,6
5443.0,6
4715.0,6
5042.0,6
4158.0,6
6537.0,6
4429.0,6
5260.0,6
7150.0,6
3050.0,6
5552.0,6
4234.0,5
4349.0,5
7550.0,5
4967.0,5
3552.0,5
3551.0,5
4963.0,5
3544.0,5
7557.0,5
2857.0,5
3574.0,5
7161.0,5
2750.0,5
7164.0,5
5737.0,5
4431.0,5
1554.0,5
4361.0,5
5750.0,5
2728.0,5
4772.0,5
7354.0,5
1458.0,5
4770.0,5
5034.0,5
3833.0,5
3835.0,5
4254.0,5
2657.0,5
7427.0,5
6468.0,5
5047.0,5
1360.0,5
2569.0,5
3738.0,5
5848.0,5
5131.0,5
4454.0,5
5061.0,5
7461.0,5
4237.0,5
5655.0,5
1662.0,5
2770.0,5
3666.0,5
2759.0,5
3923.0,5
4438.0,5
5768.0,5
4436.0,5
1655.0,5
3540.0,5
5257.0,5
3731.0,5
3734.0,5
4462.0,5
2353.0,5
6351.0,5
4125.0,5
7860.0,5
3254.0,5
4161.0,5
3257.0,5
7933.0,5
6933.0,5
6935.0,5
5237.0,5
6054.0,5
5073.0,5
7660.0,5
3027.0,5
4064.0,5
6050.0,5
4556.0,5
3324.0,5
5066.0,5
4939.0,5
7935.0,5
3333.0,5
3335.0,5
6264.0,5
3342.0,5
4941.0,5
2972.0,5
2970.0,5
6967.0,5
5557.0,5
3045.0,5
4947.0,5
6086.0,5
4638.0,5
5147.0,5
4636.0,5
5544.0,5
5545.0,5
3133.0,5
6158.0,5
4648.0,5
3072.0,5
6736.0,5
4624.0,5
6730.0,5
6829.0,5
3147.0,5
6835.0,5
2283.0,5
2361.0,5
4653.0,5
3172.0,5
4617.0,5
4859.0,5
4155.0,5
6237.0,5
7835.0,5
3225.0,5
2256.0,5
2427.0,5
5458.0,5
2643.0,5
4470.0,5
5983.0,5
6339.0,5
4178.0,5
4024.0,5
2028.0,5
4269.0,5
5068.0,5
4040.0,5
2027.0,5
5528.0,5
3470.0,5
4222.0,5
3977.0,5
4526.0,5
5638.0,5
7559.0,5
3453.0,5
6333.0,5
5151.0,5
4952.0,5
5627.0,5
2936.0,5
6028.0,5
5871.0,5
2057.0,5
5150.0,5
3532.0,5
3526.0,5
3370.0,5
5858.0,5
2059.0,5
4465.0,5
4538.0,5
4267.0,5
3535.0,5
4958.0,5
3369.0,5
3958.0,4
5637.0,4
5651.0,4
4134.0,4
4342.0,4
858.0,4
864.0,4
3864.0,4
3854.0,4
7758.0,4
5647.0,4
735.0,4
1352.0,4
5138.0,4
5475.0,4
4252.0,4
5136.0,4
7450.0,4
5546.0,4
7543.0,4
3857.0,4
542.0,4
4122.0,4
5730.0,4
440.0,4
5072.0,4
3928.0,4
5654.0,4
964.0,4
7435.0,4
7658.0,4
4242.0,4
5535.0,4
7460.0,4
3943.0,4
5566.0,4
5141.0,4
3932.0,4
1258.0,4
4051.0,4
5130.0,4
4352.0,4
4063.0,4
4355.0,4
3951.0,4
5527.0,4
4250.0,4
5153.0,4
7751.0,4
1055.0,4
5124.0,4
5629.0,4
5657.0,4
5558.0,4
5664.0,4
925.0,4
4359.0,4
1325.0,4
1054.0,4
5628.0,4
3953.0,4
4071.0,4
4318.0,4
3537.0,4
1359.0,4
5241.0,4
4879.0,4
3249.0,4
3246.0,4
2231.0,4
2232.0,4
6858.0,4
4575.0,4
3190.0,4
6133.0,4
3178.0,4
4615.0,4
3171.0,4
6143.0,4
4262.0,4
4620.0,4
3148.0,4
4627.0,4
2334.0,4
3130.0,4
3251.0,4
6061.0,4
7036.0,4
6929.0,4
4545.0,4
3354.0,4
2064.0,4
3347.0,4
6029.0,4
3339.0,4
3336.0,4
2085.0,4
4552.0,4
4938.0,4
3844.0,4
4555.0,4
6950.0,4
6051.0,4
2156.0,4
5236.0,4
6931.0,4
3264.0,4
6059.0,4
6163.0,4
6170.0,4
6220.0,4
4649.0,4
4720.0,4
2858.0,4
2531.0,4
5268.0,4
5267.0,4
4745.0,4
2752.0,4
2560.0,4
6444.0,4
6446.0,4
5258.0,4
2622.0,4
4758.0,4
6467.0,4
2658.0,4
6527.0,4
2634.0,4
4766.0,4
6520.0,4
2886.0,4
2934.0,4
4675.0,4
4664.0,4
3057.0,4
6728.0,4
6667.0,4
2429.0,4
6656.0,4
3036.0,4
6655.0,4
6651.0,4
2987.0,4
2942.0,4
4667.0,4
2973.0,4
2960.0,4
2950.0,4
5328.0,4
2946.0,4
4674.0,4
2943.0,4
3368.0,4
4554.0,4
3379.0,4
4980.0,4
1631.0,4
1652.0,4
3727.0,4
5440.0,4
4444.0,4
5828.0,4
7252.0,4
7250.0,4
3647.0,4
3578.0,4
3646.0,4
5358.0,4
1758.0,4
3641.0,4
1764.0,4
3636.0,4
3632.0,4
3628.0,4
4433.0,4
7267.0,4
3741.0,4
1564.0,4
1429.0,4
7360.0,4
3831.0,4
3830.0,4
5448.0,4
5447.0,4
3824.0,4
1463.0,4
3767.0,4
3764.0,4
3763.0,4
3761.0,4
7350.0,4
1525.0,4
7334.0,4
1561.0,4
5154.0,4
3580.0,4
3644.0,4
7163.0,4
5367.0,4
7069.0,4
5435.0,4
5881.0,4
4955.0,4
4954.0,4
4518.0,4
7061.0,4
7058.0,4
7057.0,4
6524.0,4
3447.0,4
3443.0,4
7049.0,4
7048.0,4
4531.0,4
4532.0,4
5360.0,4
3428.0,4
3536.0,4
4483.0,4
7135.0,4
1856.0,4
3557.0,4
3554.0,4
3163.0,4
3545.0,4
4468.0,3
5135.0,3
5168.0,3
5255.0,3
4813.0,3
4752.0,3
5245.0,3
4637.0,3
5338.0,3
5152.0,3
5444.0,3
5438.0,3
4527.0,3
4763.0,3
4322.0,3
4663.0,3
5436.0,3
5078.0,3
4970.0,3
4767.0,3
4535.0,3
4737.0,3
5234.0,3
5224.0,3
4842.0,3
4277.0,3
5026.0,3
4857.0,3
4858.0,3
4270.0,3
4474.0,3
4571.0,3
5180.0,3
5442.0,3
4566.0,3
5157.0,3
5288.0,3
4564.0,3
5282.0,3
4515.0,3
4730.0,3
5057.0,3
4266.0,3
4962.0,3
5161.0,3
4525.0,3
5462.0,3
2873.0,3
6436.0,3
6434.0,3
2777.0,3
2831.0,3
2843.0,3
2859.0,3
2875.0,3
3283.0,3
2924.0,3
4240.0,3
2940.0,3
2953.0,3
2959.0,3
2974.0,3
6437.0,3
6438.0,3
6448.0,3
2731.0,3
2729.0,3
6456.0,3
2722.0,3
2670.0,3
2648.0,3
2647.0,3
2628.0,3
2623.0,3
6529.0,3
2562.0,3
2561.0,3
6545.0,3
2546.0,3
6261.0,3
2994.0,3
3025.0,3
6162.0,3
3273.0,3
3271.0,3
3262.0,3
6087.0,3
6088.0,3
6129.0,3
6132.0,3
6136.0,3
3175.0,3
6147.0,3
3153.0,3
3141.0,3
3140.0,3
3136.0,3
3126.0,3
6250.0,3
6164.0,3
3123.0,3
6165.0,3
3086.0,3
3080.0,3
6227.0,3
6232.0,3
3070.0,3
6234.0,3
3062.0,3
3061.0,3
3038.0,3
3033.0,3
3031.0,3
2528.0,3
6646.0,3
2454.0,3
7459.0,3
1756.0,3
7234.0,3
7268.0,3
7326.0,3
7332.0,3
1556.0,3
1553.0,3
7338.0,3
1456.0,3
1425.0,3
1351.0,3
1350.0,3
1349.0,3
7455.0,3
7541.0,3
1767.0,3
1154.0,3
7549.0,3
7642.0,3
7645.0,3
7650.0,3
963.0,3
824.0,3
724.0,3
7850.0,3
656.0,3
7934.0,3
7957.0,3
8156.0,3
8831.0,3
7168.0,3
7152.0,3
6657.0,3
2130.0,3
6726.0,3
2362.0,3
6756.0,3
6764.0,3
2339.0,3
2325.0,3
2282.0,3
2260.0,3
2252.0,3
2229.0,3
6865.0,3
6866.0,3
2184.0,3
6942.0,3
6957.0,3
7134.0,3
6958.0,3
6962.0,3
6965.0,3
6966.0,3
6969.0,3
2056.0,3
7054.0,3
7063.0,3
7065.0,3
1870.0,3
1867.0,3
7127.0,3
7128.0,3
1860.0,3
3282.0,3
3575.0,3
3285.0,3
4044.0,3
5779.0,3
3671.0,3
4022.0,3
3667.0,3
5790.0,3
3658.0,3
3651.0,3
3645.0,3
4027.0,3
3637.0,3
4029.0,3
4035.0,3
5849.0,3
5635.0,3
4057.0,3
5850.0,3
3562.0,3
5857.0,3
4072.0,3
4073.0,3
3543.0,3
3541.0,3
3533.0,3
5860.0,3
4126.0,3
4136.0,3
5765.0,3
5764.0,3
3479.0,3
3772.0,3
3865.0,3
3842.0,3
5724.0,3
5682.0,3
3838.0,3
5680.0,3
5735.0,3
3821.0,3
5666.0,3
5741.0,3
3777.0,3
3773.0,3
3768.0,3
5648.0,3
5751.0,3
3929.0,3
3754.0,3
3753.0,3
3739.0,3
3950.0,3
3954.0,3
3960.0,3
3967.0,3
3732.0,3
3968.0,3
5763.0,3
4141.0,3
4058.0,3
3478.0,3
3451.0,3
3439.0,3
3438.0,3
3434.0,3
5954.0,3
3424.0,3
4145.0,3
3381.0,3
4173.0,3
3373.0,3
5988.0,3
4177.0,3
6022.0,3
3362.0,3
5529.0,3
6025.0,3
3355.0,3
3341.0,3
4226.0,3
6036.0,3
6038.0,3
3329.0,3
3327.0,3
4236.0,3
3441.0,3
3859.0,3
4164.0,3
5938.0,3
4168.0,3
5927.0,3
4157.0,3
7352.0,2
7060.0,2
5660.0,2
7958.0,2
7454.0,2
7558.0,2
7070.0,2
7121.0,2
7118.0,2
7556.0,2
7949.0,2
7453.0,2
5656.0,2
5526.0,2
7854.0,2
8116.0,2
5661.0,2
7561.0,2
7456.0,2
9229.0,2
5726.0,2
7534.0,2
6964.0,2
7531.0,2
8810.0,2
8423.0,2
8324.0,2
5543.0,2
8205.0,2
5465.0,2
7031.0,2
7046.0,2
8134.0,2
7052.0,2
5653.0,2
7136.0,2
5455.0,2
7452.0,2
7262.0,2
7757.0,2
7266.0,2
5630.0,2
7317.0,2
6956.0,2
7753.0,2
7752.0,2
7429.0,2
7327.0,2
7735.0,2
7363.0,2
7748.0,2
7335.0,2
7337.0,2
7430.0,2
7246.0,2
5537.0,2
5639.0,2
5626.0,2
5562.0,2
7158.0,2
7833.0,2
7160.0,2
5174.0,2
5165.0,2
7226.0,2
7170.0,2
7433.0,2
7432.0,2
7655.0,2
7224.0,2
7760.0,2
7828.0,2
6661.0,2
5731.0,2
5864.0,2
6243.0,2
6245.0,2
6248.0,2
5934.0,2
5429.0,2
5884.0,2
6260.0,2
5883.0,2
5882.0,2
5865.0,2
6267.0,2
6269.0,2
5227.0,2
6270.0,2
5862.0,2
6334.0,2
6347.0,2
6352.0,2
5275.0,2
5272.0,2
6356.0,2
5270.0,2
5269.0,2
6363.0,2
5936.0,2
5426.0,2
6233.0,2
6186.0,2
6049.0,2
5357.0,2
6055.0,2
6056.0,2
6057.0,2
6060.0,2
6063.0,2
6085.0,2
6123.0,2
6128.0,2
6031.0,2
6135.0,2
6138.0,2
6139.0,2
5346.0,2
6148.0,2
6150.0,2
6152.0,2
6159.0,2
5982.0,2
5960.0,2
5953.0,2
5337.0,2
5265.0,2
6367.0,2
6370.0,2
6569.0,2
6623.0,2
6625.0,2
6627.0,2
6628.0,2
6636.0,2
6637.0,2
6053.0,2
6666.0,2
6669.0,2
6719.0,2
5748.0,2
6758.0,2
6768.0,2
5247.0,2
5246.0,2
5738.0,2
6856.0,2
5733.0,2
6921.0,2
5732.0,2
6926.0,2
6944.0,2
6945.0,2
6619.0,2
6564.0,2
6421.0,2
5250.0,2
6430.0,2
5437.0,2
5847.0,2
5843.0,2
5841.0,2
5839.0,2
6450.0,2
6452.0,2
6453.0,2
5832.0,2
6465.0,2
6466.0,2
6469.0,2
6526.0,2
6528.0,2
5780.0,2
5439.0,2
6544.0,2
5256.0,2
5254.0,2
6546.0,2
6552.0,2
6553.0,2
6338.0,2
23.0,2
5128.0,2
3755.0,2
3629.0,2
3643.0,2
3653.0,2
3654.0,2
3657.0,2
1768.0,2
3662.0,2
3664.0,2
3672.0,2
3674.0,2
3675.0,2
3678.0,2
3680.0,2
3681.0,2
2654.0,2
3724.0,2
3728.0,2
3625.0,2
3624.0,2
1831.0,2
3468.0,2
3454.0,2
1960.0,2
3456.0,2
1936.0,2
3457.0,2
1928.0,2
3459.0,2
1881.0,2
3577.0,2
3476.0,2
3477.0,2
3485.0,2
3531.0,2
3534.0,2
3569.0,2
3571.0,2
3743.0,2
3759.0,2
3427.0,2
3765.0,2
1435.0,2
1363.0,2
1358.0,2
4078.0,2
1356.0,2
4129.0,2
4132.0,2
1354.0,2
4138.0,2
1346.0,2
4149.0,2
4167.0,2
1266.0,2
4175.0,2
1256.0,2
1255.0,2
4221.0,2
4050.0,2
4043.0,2
1454.0,2
3875.0,2
1729.0,2
3776.0,2
3781.0,2
3828.0,2
3867.0,2
1663.0,2
3869.0,2
1657.0,2
4025.0,2
3882.0,2
3921.0,2
3926.0,2
3946.0,2
3957.0,2
1529.0,2
3979.0,2
3433.0,2
3382.0,2
1225.0,2
2352.0,2
2870.0,2
2874.0,2
2468.0,2
2466.0,2
2933.0,2
2935.0,2
2455.0,2
2939.0,2
2453.0,2
2451.0,2
2434.0,2
2945.0,2
2948.0,2
2428.0,2
3028.0,2
2381.0,2
2356.0,2
2860.0,2
2527.0,2
2856.0,2
2621.0,2
2723.0,2
2644.0,2
2724.0,2
2735.0,2
2738.0,2
2632.0,2
2740.0,2
2744.0,2
2532.0,2
2554.0,2
2771.0,2
2552.0,2
2542.0,2
2830.0,2
2832.0,2
2833.0,2
3044.0,2
2335.0,2
2026.0,2
2333.0,2
3240.0,2
3244.0,2
3256.0,2
2081.0,2
3269.0,2
3270.0,2
2073.0,2
2065.0,2
3284.0,2
3326.0,2
3330.0,2
3334.0,2
3344.0,2
3356.0,2
3357.0,2
2029.0,2
3372.0,2
2157.0,2
3238.0,2
3232.0,2
3143.0,2
3077.0,2
2327.0,2
3127.0,2
3128.0,2
3131.0,2
3137.0,2
3142.0,2
2241.0,2
3229.0,2
2240.0,2
3173.0,2
3177.0,2
2228.0,2
2226.0,2
2162.0,2
3227.0,2
1252.0,2
2662.0,2
955.0,2
5025.0,2
1037.0,2
1025.0,2
4978.0,2
4979.0,2
4981.0,2
760.0,2
4817.0,2
4662.0,2
5032.0,2
4676.0,2
5035.0,2
4866.0,2
1056.0,2
4362.0,2
4418.0,2
4976.0,2
1057.0,2
4434.0,2
4457.0,2
4965.0,2
4439.0,2
4632.0,2
4633.0,2
4621.0,2
663.0,2
4572.0,2
4875.0,2
4432.0,2
4972.0,2
4618.0,2
4644.0,2
539.0,2
4923.0,2
4630.0,2
4773.0,2
4232.0,2
1067.0,2
4536.0,2
4241.0,2
5077.0,2
4734.0,2
527.0,2
5081.0,2
4573.0,2
5067.0,2
4231.0,2
5084.0,2
4932.0,2
4561.0,2
1155.0,2
559.0,2
4931.0,2
5070.0,2
4253.0,2
5037.0,2
4768.0,2
855.0,2
1062.0,2
5060.0,2
123.0,2
4321.0,2
4320.0,2
6836.0,1
6849.0,1
6860.0,1
2322.0,1
2279.0,1
535.0,1
8255.0,1
2230.0,1
6859.0,1
8242.0,1
534.0,1
8213.0,1
2285.0,1
8233.0,1
6853.0,1
6848.0,1
2255.0,1
6854.0,1
6850.0,1
1164.0,1
8060.0,1
6864.0,1
8015.0,1
8026.0,1
2133.0,1
8017.0,1
6951.0,1
6954.0,1
6955.0,1
2086.0,1
556.0,1
8141.0,1
2074.0,1
2070.0,1
557.0,1
7955.0,1
2062.0,1
2061.0,1
6968.0,1
6946.0,1
2150.0,1
8036.0,1
8055.0,1
538.0,1
2227.0,1
6868.0,1
8133.0,1
2181.0,1
2178.0,1
2168.0,1
2163.0,1
6934.0,1
6937.0,1
6938.0,1
6941.0,1
2161.0,1
8057.0,1
6943.0,1
2324.0,1
2363.0,1
8320.0,1
6620.0,1
6559.0,1
9129.0,1
2536.0,1
6568.0,1
2534.0,1
9030.0,1
6618.0,1
9026.0,1
6555.0,1
6624.0,1
2525.0,1
2524.0,1
2480.0,1
2477.0,1
6633.0,1
8935.0,1
2545.0,1
2548.0,1
6642.0,1
2633.0,1
2653.0,1
2646.0,1
6521.0,1
9528.0,1
9527.0,1
2635.0,1
9328.0,1
225.0,1
2550.0,1
6534.0,1
6536.0,1
2577.0,1
2558.0,1
9228.0,1
6547.0,1
6551.0,1
2467.0,1
6644.0,1
2329.0,1
6750.0,1
6725.0,1
2423.0,1
2384.0,1
457.0,1
2060.0,1
2358.0,1
8411.0,1
6755.0,1
6722.0,1
2354.0,1
8410.0,1
8334.0,1
6761.0,1
6763.0,1
2348.0,1
6823.0,1
6724.0,1
8433.0,1
2459.0,1
2438.0,1
8911.0,1
8833.0,1
8832.0,1
435.0,1
438.0,1
8625.0,1
2450.0,1
8624.0,1
2424.0,1
8533.0,1
8522.0,1
2433.0,1
2431.0,1
2430.0,1
2426.0,1
6674.0,1
7945.0,1
1980.0,1
7016.0,1
7257.0,1
7263.0,1
1654.0,1
1629.0,1
1627.0,1
7269.0,1
1626.0,1
7325.0,1
1625.0,1
1053.0,1
1568.0,1
7328.0,1
7330.0,1
1565.0,1
1563.0,1
7641.0,1
1552.0,1
1530.0,1
7643.0,1
7256.0,1
7634.0,1
7644.0,1
7661.0,1
962.0,1
7657.0,1
1038.0,1
1727.0,1
7651.0,1
1726.0,1
1725.0,1
1049.0,1
1668.0,1
7237.0,1
7238.0,1
7239.0,1
7646.0,1
1667.0,1
1665.0,1
1050.0,1
7336.0,1
1528.0,1
1751.0,1
7437.0,1
1066.0,1
7443.0,1
7555.0,1
7445.0,1
7554.0,1
7451.0,1
1344.0,1
1343.0,1
1342.0,1
1125.0,1
1262.0,1
7545.0,1
1128.0,1
1254.0,1
1157.0,1
7530.0,1
7535.0,1
7439.0,1
1065.0,1
7339.0,1
1357.0,1
7349.0,1
1524.0,1
7631.0,1
1465.0,1
1461.0,1
1460.0,1
1455.0,1
7629.0,1
7357.0,1
7562.0,1
1452.0,1
7422.0,1
7424.0,1
7428.0,1
1428.0,1
1364.0,1
7431.0,1
7733.0,1
960.0,1
7025.0,1
7857.0,1
1965.0,1
7056.0,1
7856.0,1
644.0,1
1957.0,1
1956.0,1
1955.0,1
1954.0,1
657.0,1
7849.0,1
7068.0,1
1930.0,1
7844.0,1
7116.0,1
1927.0,1
7119.0,1
7120.0,1
7053.0,1
1966.0,1
7834.0,1
1979.0,1
7938.0,1
2049.0,1
7937.0,1
563.0,1
617.0,1
2037.0,1
2031.0,1
627.0,1
7043.0,1
634.0,1
7044.0,1
637.0,1
7858.0,1
7047.0,1
2025.0,1
1984.0,1
7532.0,1
1865.0,1
1864.0,1
937.0,1
1830.0,1
7159.0,1
836.0,1
1828.0,1
1778.0,1
1773.0,1
1772.0,1
7756.0,1
7754.0,1
7166.0,1
7167.0,1
1759.0,1
1757.0,1
7219.0,1
7221.0,1
862.0,1
924.0,1
1752.0,1
1829.0,1
835.0,1
7130.0,1
7759.0,1
7131.0,1
1862.0,1
1857.0,1
1851.0,1
1850.0,1
7137.0,1
7139.0,1
7140.0,1
718.0,1
7142.0,1
7143.0,1
7144.0,1
7146.0,1
7147.0,1
7827.0,1
7761.0,1
762.0,1
7225.0,1
3029.0,1
2671.0,1
4133.0,1
5530.0,1
5534.0,1
4169.0,1
5538.0,1
4159.0,1
4154.0,1
4152.0,1
4148.0,1
4143.0,1
5550.0,1
4223.0,1
4130.0,1
4128.0,1
4080.0,1
4079.0,1
4075.0,1
4074.0,1
4070.0,1
4053.0,1
5567.0,1
4183.0,1
4225.0,1
2675.0,1
4274.0,1
4414.0,1
4386.0,1
4385.0,1
4366.0,1
5450.0,1
4329.0,1
4328.0,1
4319.0,1
4316.0,1
5459.0,1
5491.0,1
5460.0,1
5464.0,1
5467.0,1
5468.0,1
4227.0,1
5476.0,1
5481.0,1
5484.0,1
5486.0,1
5568.0,1
5569.0,1
5576.0,1
5728.0,1
5665.0,1
5668.0,1
5670.0,1
5677.0,1
3880.0,1
3877.0,1
5722.0,1
5723.0,1
3872.0,1
3856.0,1
5580.0,1
3839.0,1
5734.0,1
3826.0,1
5736.0,1
3822.0,1
3780.0,1
3779.0,1
3770.0,1
3769.0,1
3920.0,1
3925.0,1
3931.0,1
3934.0,1
5582.0,1
5586.0,1
4030.0,1
4028.0,1
5633.0,1
4019.0,1
3984.0,1
3983.0,1
5644.0,1
5646.0,1
3978.0,1
3976.0,1
3975.0,1
3971.0,1
3969.0,1
3965.0,1
3940.0,1
3937.0,1
3936.0,1
4420.0,1
4421.0,1
4435.0,1
4838.0,1
4934.0,1
4926.0,1
4917.0,1
4883.0,1
4880.0,1
4873.0,1
4872.0,1
4869.0,1
4843.0,1
4835.0,1
4732.0,1
4834.0,1
4831.0,1
4823.0,1
4814.0,1
4779.0,1
4775.0,1
4769.0,1
4743.0,1
4735.0,1
5231.0,1
5230.0,1
4937.0,1
5226.0,1
5087.0,1
5085.0,1
5080.0,1
5075.0,1
5056.0,1
5036.0,1
5031.0,1
4987.0,1
5167.0,1
5169.0,1
5170.0,1
4969.0,1
5175.0,1
5176.0,1
4968.0,1
5181.0,1
5183.0,1
5189.0,1
5225.0,1
5266.0,1
4731.0,1
4443.0,1
5375.0,1
4580.0,1
4565.0,1
4537.0,1
4533.0,1
5363.0,1
5364.0,1
5365.0,1
4522.0,1
5373.0,1
5377.0,1
4727.0,1
5378.0,1
4516.0,1
4514.0,1
4513.0,1
5431.0,1
5432.0,1
5434.0,1
4469.0,1
4460.0,1
4582.0,1
4583.0,1
4614.0,1
4616.0,1
4725.0,1
5271.0,1
4723.0,1
4722.0,1
5277.0,1
4719.0,1
5287.0,1
4716.0,1
5324.0,1
5326.0,1
4673.0,1
4665.0,1
4659.0,1
4634.0,1
5339.0,1
4631.0,1
4626.0,1
5347.0,1
5348.0,1
3722.0,1
3683.0,1
3679.0,1
3039.0,1
3063.0,1
3055.0,1
3053.0,1
6241.0,1
3042.0,1
6244.0,1
3041.0,1
6246.0,1
6247.0,1
3034.0,1
2949.0,1
5125.0,1
6252.0,1
6258.0,1
6259.0,1
2990.0,1
2985.0,1
2980.0,1
2979.0,1
6266.0,1
3064.0,1
3073.0,1
3074.0,1
6229.0,1
3174.0,1
6141.0,1
3168.0,1
6144.0,1
3158.0,1
3146.0,1
3138.0,1
6153.0,1
6156.0,1
6160.0,1
3124.0,1
3092.0,1
6166.0,1
3088.0,1
3085.0,1
6171.0,1
3084.0,1
3079.0,1
3076.0,1
2957.0,1
6323.0,1
3183.0,1
2760.0,1
6420.0,1
2828.0,1
2825.0,1
2788.0,1
6428.0,1
2778.0,1
6431.0,1
2774.0,1
2773.0,1
2753.0,1
6325.0,1
2747.0,1
2746.0,1
6445.0,1
2741.0,1
6449.0,1
2739.0,1
2730.0,1
6458.0,1
6464.0,1
6419.0,1
6371.0,1
6369.0,1
6366.0,1
2944.0,1
6331.0,1
6332.0,1
2938.0,1
2932.0,1
2929.0,1
6340.0,1
6342.0,1
6344.0,1
6345.0,1
6346.0,1
2928.0,1
6349.0,1
2872.0,1
2871.0,1
6353.0,1
6358.0,1
2836.0,1
6364.0,1
3182.0,1
3184.0,1
5766.0,1
5892.0,1
5866.0,1
5868.0,1
5869.0,1
5872.0,1
5873.0,1
5880.0,1
3475.0,1
3469.0,1
5885.0,1
5894.0,1
3432.0,1
5926.0,1
5928.0,1
5929.0,1
3458.0,1
5937.0,1
3455.0,1
5940.0,1
5941.0,1
5946.0,1
3521.0,1
3524.0,1
5863.0,1
3525.0,1
5773.0,1
3669.0,1
5789.0,1
5821.0,1
5824.0,1
5827.0,1
5829.0,1
5830.0,1
5833.0,1
5836.0,1
3633.0,1
5840.0,1
3631.0,1
3579.0,1
5851.0,1
3576.0,1
5853.0,1
3570.0,1
3561.0,1
5948.0,1
3430.0,1
3187.0,1
3233.0,1
3267.0,1
3266.0,1
3263.0,1
3260.0,1
3258.0,1
6064.0,1
6067.0,1
6068.0,1
6082.0,1
6089.0,1
3429.0,1
6090.0,1
6119.0,1
3223.0,1
6124.0,1
6125.0,1
3191.0,1
3188.0,1
6130.0,1
6131.0,1
3272.0,1
3274.0,1
3275.0,1
3281.0,1
3422.0,1
3421.0,1
5967.0,1
5968.0,1
5969.0,1
3383.0,1
3380.0,1
5987.0,1
5991.0,1
6021.0,1
3367.0,1
3361.0,1
6030.0,1
6033.0,1
3331.0,1
6037.0,1
6044.0,1
6045.0,1
3325.0,1
9627.0,1
