quadrant,count
5453.0,91
4251.0,81
4848.0,79
4755.0,78
3756.0,78
4160.0,78
5249.0,75
4265.0,75
5143.0,73
4365.0,70
4065.0,70
2851.0,67
1658.0,67
4067.0,63
4657.0,63
3567.0,60
4654.0,60
5752.0,59
4451.0,59
4547.0,59
4757.0,59
4446.0,56
3349.0,56
5652.0,55
5356.0,55
4864.0,53
4558.0,53
5044.0,53
4453.0,52
4447.0,51
3555.0,51
2854.0,50
3749.0,50
4853.0,49
4960.0,49
4942.0,49
2947.0,49
3152.0,48
5446.0,48
4856.0,48
4150.0,48
5457.0,47
4257.0,47
4754.0,47
4760.0,47
3154.0,47
4452.0,46
3944.0,46
5248.0,46
4357.0,46
4047.0,45
3350.0,45
3559.0,45
4363.0,45
3849.0,45
4749.0,44
3649.0,44
4948.0,44
3444.0,43
3148.0,43
3549.0,43
4448.0,43
5048.0,43
3248.0,43
4652.0,43
4548.0,43
5064.0,43
4944.0,42
4450.0,42
4855.0,42
4550.0,41
3352.0,41
3051.0,41
4455.0,40
2848.0,40
4463.0,40
6359.0,40
4449.0,39
4344.0,39
1557.0,39
3550.0,39
4863.0,39
4849.0,39
4456.0,39
4459.0,39
4748.0,39
4658.0,39
5553.0,39
2751.0,38
4553.0,38
5063.0,38
4339.0,38
5349.0,38
4059.0,37
1660.0,37
7232.0,36
4559.0,36
4651.0,36
5041.0,36
5038.0,36
4430.0,36
3228.0,35
5133.0,35
3650.0,35
4951.0,35
3245.0,34
2951.0,34
3452.0,34
5051.0,34
3850.0,34
4163.0,34
5649.0,34
2857.0,34
3546.0,34
3750.0,34
4156.0,33
4229.0,33
4464.0,33
4069.0,33
1558.0,33
3945.0,33
5243.0,33
5441.0,33
5039.0,33
4865.0,32
5352.0,32
5253.0,32
3648.0,32
5059.0,32
3942.0,32
4854.0,31
5054.0,31
3745.0,31
3843.0,31
4454.0,31
3150.0,31
4845.0,31
3060.0,31
3848.0,31
4153.0,31
5351.0,31
3348.0,31
4352.0,30
5952.0,30
4648.0,30
4261.0,30
4140.0,30
4041.0,30
5050.0,30
3861.0,30
4151.0,30
5548.0,30
1462.0,30
3046.0,30
4353.0,30
3145.0,29
5939.0,29
3870.0,29
3353.0,29
3058.0,29
3676.0,29
3480.0,29
5342.0,29
5126.0,29
4761.0,29
4850.0,29
4343.0,29
5132.0,29
3542.0,29
4264.0,29
3964.0,28
3071.0,28
4364.0,28
5452.0,28
5151.0,28
4049.0,28
3242.0,28
3566.0,28
7331.0,28
3050.0,28
6660.0,28
2634.0,27
3449.0,27
5551.0,27
3151.0,27
4332.0,27
4259.0,27
2529.0,27
3371.0,27
3551.0,27
4546.0,27
4033.0,27
3847.0,27
2553.0,27
4551.0,27
2876.0,27
2849.0,27
4750.0,27
4557.0,27
4245.0,27
3250.0,27
2852.0,27
5341.0,26
6967.0,26
4656.0,26
3970.0,26
4846.0,26
3252.0,26
5055.0,26
6167.0,26
5451.0,26
2847.0,26
5160.0,26
3863.0,26
2954.0,26
6235.0,26
4046.0,26
6629.0,26
1353.0,26
5139.0,26
4655.0,26
5749.0,25
4239.0,25
1163.0,25
3345.0,25
4045.0,25
5144.0,25
3748.0,25
7659.0,25
4949.0,25
3268.0,25
2754.0,25
4664.0,25
4354.0,25
2059.0,25
6830.0,24
3253.0,24
6238.0,24
3445.0,24
3442.0,24
3661.0,24
3948.0,24
4023.0,24
5852.0,24
3536.0,24
4351.0,24
3855.0,24
6935.0,24
3048.0,24
5155.0,24
3547.0,24
1760.0,24
5650.0,24
4862.0,24
4623.0,24
4445.0,24
5262.0,24
3147.0,24
7134.0,24
5052.0,24
4753.0,23
3730.0,23
4675.0,23
2973.0,23
2359.0,23
4952.0,23
3062.0,23
3538.0,23
5065.0,23
5062.0,23
3853.0,23
3656.0,23
5131.0,22
3744.0,22
4956.0,22
4961.0,22
5058.0,22
4752.0,22
3760.0,22
2659.0,22
3247.0,22
4650.0,22
5142.0,22
5327.0,22
3381.0,22
4943.0,22
7236.0,22
4645.0,22
5046.0,22
2651.0,22
5237.0,22
4962.0,22
5053.0,22
3764.0,22
4255.0,22
4062.0,22
4358.0,22
2160.0,22
2130.0,22
4348.0,22
4340.0,22
3639.0,22
3548.0,22
7462.0,22
5362.0,22
4852.0,22
1766.0,21
2850.0,21
1554.0,21
5045.0,21
5238.0,21
3466.0,21
4253.0,21
1659.0,21
5149.0,21
5261.0,21
1556.0,21
5463.0,21
5145.0,21
4526.0,21
4745.0,21
4068.0,21
4556.0,21
4048.0,21
5153.0,20
5925.0,20
3335.0,20
4338.0,20
3851.0,20
2842.0,20
7235.0,20
3446.0,20
3149.0,20
5662.0,20
7660.0,20
5162.0,20
4569.0,20
5244.0,20
5239.0,20
3865.0,20
4945.0,20
4860.0,20
4056.0,20
3346.0,20
3841.0,20
6137.0,20
4330.0,20
4162.0,19
4762.0,19
4674.0,19
3961.0,19
5353.0,19
7132.0,19
5256.0,19
4458.0,19
3556.0,19
6263.0,19
4638.0,19
6427.0,19
7035.0,19
4235.0,19
6151.0,19
4766.0,19
4061.0,19
3742.0,19
4756.0,19
3868.0,19
4238.0,19
5040.0,19
3032.0,19
3144.0,19
958.0,19
4345.0,19
3450.0,19
5854.0,18
3856.0,18
2958.0,18
4954.0,18
4957.0,18
3063.0,18
1225.0,18
4950.0,18
4953.0,18
5826.0,18
3474.0,18
4964.0,18
4055.0,18
2976.0,18
3876.0,18
5755.0,18
5354.0,18
3436.0,18
3256.0,18
4135.0,18
3136.0,18
3962.0,18
5552.0,18
3454.0,18
6851.0,18
3666.0,18
6028.0,18
1959.0,18
4560.0,18
5557.0,18
5428.0,18
5242.0,18
7069.0,18
3162.0,18
3448.0,18
3368.0,18
3153.0,18
4672.0,17
6827.0,17
4146.0,17
4837.0,17
2952.0,17
5043.0,17
6368.0,17
5134.0,17
7032.0,17
4851.0,17
4567.0,17
6024.0,17
2551.0,17
3758.0,17
4243.0,17
3535.0,17
5780.0,17
3558.0,17
3829.0,17
3936.0,17
3634.0,17
6446.0,17
6350.0,17
5563.0,17
3660.0,17
1453.0,17
3834.0,17
4767.0,17
4646.0,17
2652.0,17
3044.0,17
3451.0,17
5837.0,16
1458.0,16
3757.0,16
5961.0,16
3840.0,16
5047.0,16
4967.0,16
5069.0,16
6053.0,16
7835.0,16
4334.0,16
4431.0,16
4660.0,16
3852.0,16
3540.0,16
1358.0,16
3545.0,16
4263.0,16
7162.0,16
6234.0,16
5359.0,16
6426.0,16
4615.0,16
4571.0,16
4946.0,16
4947.0,16
6658.0,16
4240.0,16
5627.0,16
5355.0,16
7355.0,16
1661.0,16
5148.0,16
5146.0,16
4539.0,16
3862.0,16
4155.0,16
3441.0,16
3933.0,16
5856.0,15
3568.0,15
3443.0,15
3264.0,15
4360.0,15
5049.0,15
4322.0,15
4518.0,15
6058.0,15
3554.0,15
3552.0,15
3342.0,15
4350.0,15
3255.0,15
7461.0,15
4545.0,15
4347.0,15
4164.0,15
5263.0,15
3959.0,15
3823.0,15
3560.0,15
4341.0,15
6062.0,15
5161.0,15
2858.0,15
4064.0,15
4266.0,15
4555.0,15
4044.0,15
5350.0,15
2987.0,15
2874.0,15
4242.0,15
4234.0,15
3647.0,15
4868.0,15
1559.0,15
4423.0,15
3527.0,15
4250.0,15
7237.0,15
3963.0,15
2831.0,15
4647.0,15
7030.0,15
1759.0,15
1761.0,15
6443.0,15
5758.0,15
4375.0,15
4859.0,15
4139.0,14
4346.0,14
4538.0,14
4439.0,14
3569.0,14
5535.0,14
3774.0,14
3243.0,14
2451.0,14
5332.0,14
4066.0,14
5454.0,14
4355.0,14
3570.0,14
7542.0,14
964.0,14
4955.0,14
4342.0,14
3871.0,14
5547.0,14
4746.0,14
6444.0,14
3539.0,14
1762.0,14
5754.0,14
5657.0,14
5664.0,14
4653.0,14
7054.0,14
4649.0,14
4262.0,14
5744.0,14
3738.0,14
4246.0,14
4249.0,14
3338.0,14
5651.0,14
5164.0,14
6442.0,14
5555.0,14
3949.0,14
4335.0,14
4166.0,14
4333.0,14
4252.0,14
3343.0,14
4824.0,14
5638.0,14
4222.0,14
4624.0,14
5848.0,14
1827.0,14
3747.0,14
4636.0,14
4759.0,14
3435.0,13
4857.0,13
3439.0,13
3336.0,13
3665.0,13
3652.0,13
3759.0,13
3628.0,13
5334.0,13
5858.0,13
5250.0,13
3056.0,13
3054.0,13
3053.0,13
4461.0,13
5138.0,13
2975.0,13
1455.0,13
4161.0,13
5753.0,13
5740.0,13
4244.0,13
5667.0,13
1859.0,13
2841.0,13
4230.0,13
2856.0,13
7934.0,13
2846.0,13
5444.0,13
457.0,13
2362.0,13
5042.0,13
758.0,13
4051.0,13
4717.0,13
6056.0,13
6447.0,13
5340.0,13
2325.0,13
2622.0,13
5338.0,13
6861.0,13
5934.0,13
4331.0,13
6088.0,13
3470.0,12
1856.0,12
4165.0,12
5540.0,12
7644.0,12
5447.0,12
2064.0,12
6828.0,12
7057.0,12
4063.0,12
5450.0,12
3440.0,12
7658.0,12
7460.0,12
5357.0,12
4228.0,12
7933.0,12
6544.0,12
4772.0,12
6727.0,12
6051.0,12
1054.0,12
5953.0,12
5949.0,12
6237.0,12
1154.0,12
6250.0,12
7936.0,12
4457.0,12
4467.0,12
3640.0,12
1362.0,12
7857.0,12
5759.0,12
5757.0,12
4462.0,12
3370.0,12
1663.0,12
4236.0,12
5659.0,12
5658.0,12
1555.0,12
3966.0,12
5154.0,12
5252.0,12
5127.0,12
5137.0,12
2974.0,12
6565.0,12
2737.0,12
2972.0,12
2748.0,12
3941.0,12
4737.0,12
5140.0,12
3860.0,12
2943.0,12
5147.0,12
2750.0,12
3929.0,12
3326.0,12
3737.0,12
4631.0,12
3733.0,12
5158.0,12
2844.0,12
3057.0,12
3953.0,12
3960.0,12
3762.0,12
3976.0,12
3836.0,12
4715.0,12
5061.0,12
3156.0,11
4428.0,11
4970.0,11
6132.0,11
6130.0,11
4436.0,11
1664.0,11
5152.0,11
3172.0,11
6029.0,11
3133.0,11
4719.0,11
3047.0,11
7163.0,11
5066.0,11
5756.0,11
1158.0,11
5073.0,11
5074.0,11
6262.0,11
5079.0,11
3729.0,11
4470.0,11
6839.0,11
5439.0,11
2559.0,11
3438.0,11
2260.0,11
3356.0,11
3429.0,11
5363.0,11
5358.0,11
4573.0,11
7363.0,11
3947.0,11
6527.0,11
5344.0,11
4042.0,11
6656.0,11
6420.0,11
5282.0,11
5330.0,11
5449.0,11
3761.0,11
4549.0,11
6352.0,11
3467.0,11
4763.0,11
1928.0,11
3654.0,11
4154.0,11
4536.0,11
4227.0,10
4544.0,10
6933.0,10
4643.0,10
3632.0,10
4136.0,10
4564.0,10
6628.0,10
4040.0,10
4768.0,10
3641.0,10
3770.0,10
6728.0,10
3773.0,10
4669.0,10
3955.0,10
3746.0,10
4668.0,10
3642.0,10
4256.0,10
4053.0,10
3655.0,10
6651.0,10
3858.0,10
4157.0,10
4144.0,10
3842.0,10
6655.0,10
3239.0,10
5431.0,10
3072.0,10
3059.0,10
5742.0,10
3049.0,10
1662.0,10
2334.0,10
3329.0,10
2621.0,10
3031.0,10
5135.0,10
5960.0,10
5751.0,10
5554.0,10
1465.0,10
6158.0,10
2953.0,10
7052.0,10
7434.0,10
6335.0,10
4966.0,10
3163.0,10
3225.0,10
7061.0,10
5269.0,10
7750.0,10
5025.0,10
5068.0,10
2429.0,10
1562.0,10
3249.0,10
3251.0,10
5347.0,10
6240.0,10
7430.0,10
3257.0,10
2261.0,10
2528.0,10
2941.0,10
2875.0,10
5240.0,10
6958.0,10
5637.0,10
5529.0,10
6188.0,10
3544.0,10
3541.0,10
1763.0,10
2940.0,10
3476.0,10
2828.0,10
3460.0,10
5653.0,10
4858.0,10
3437.0,10
5539.0,10
1459.0,10
3434.0,10
6133.0,10
5764.0,10
3033.0,9
5267.0,9
1860.0,9
3951.0,9
5265.0,9
7131.0,9
1867.0,9
6430.0,9
5849.0,9
3950.0,9
5141.0,9
5057.0,9
5526.0,9
4667.0,9
2735.0,9
7752.0,9
6052.0,9
1756.0,9
7164.0,9
1657.0,9
4168.0,9
4466.0,9
6170.0,9
3052.0,9
3844.0,9
4575.0,9
3025.0,9
4633.0,9
5163.0,9
3921.0,9
1155.0,9
1764.0,9
2654.0,9
3075.0,9
4429.0,9
6761.0,9
2050.0,9
3337.0,9
2355.0,9
5364.0,9
3537.0,9
4738.0,9
5375.0,9
3531.0,9
3332.0,9
3369.0,9
7435.0,9
2283.0,9
6267.0,9
4077.0,9
2256.0,9
4268.0,9
4869.0,9
3427.0,9
4959.0,9
5440.0,9
1058.0,9
2454.0,9
3638.0,9
5348.0,9
5466.0,9
4834.0,9
3753.0,9
3246.0,9
3229.0,9
3238.0,9
4769.0,9
6146.0,9
5838.0,9
2647.0,8
3954.0,8
2643.0,8
5445.0,8
2250.0,8
4125.0,8
2161.0,8
2729.0,8
4174.0,8
5448.0,8
5246.0,8
1866.0,8
2057.0,8
7541.0,8
7531.0,8
2632.0,8
4134.0,8
3956.0,8
7353.0,8
5257.0,8
6023.0,8
1966.0,8
4562.0,8
2534.0,8
4570.0,8
5549.0,8
5345.0,8
4337.0,8
2430.0,8
4817.0,8
7334.0,8
3977.0,8
4050.0,8
5361.0,8
2351.0,8
4058.0,8
6858.0,8
7452.0,8
1061.0,8
5429.0,8
1025.0,8
2282.0,8
4535.0,8
2628.0,8
5260.0,8
4167.0,8
7360.0,8
4237.0,8
4622.0,8
7050.0,8
4370.0,8
5750.0,8
5748.0,8
3328.0,8
3734.0,8
3327.0,8
4260.0,8
4734.0,8
4963.0,8
4676.0,8
6729.0,8
3265.0,8
3254.0,8
3752.0,8
3754.0,8
6061.0,8
6059.0,8
2752.0,8
4937.0,8
6523.0,8
7849.0,8
3674.0,8
3633.0,8
3580.0,8
3575.0,8
3637.0,8
3543.0,8
3645.0,8
6136.0,8
3526.0,8
3461.0,8
3456.0,8
3453.0,8
4460.0,8
4267.0,8
4918.0,8
6524.0,8
3671.0,8
7850.0,8
4362.0,8
1055.0,8
6459.0,8
7233.0,8
3043.0,8
5666.0,8
2946.0,8
7065.0,8
5150.0,8
4329.0,8
1757.0,8
3875.0,8
6048.0,8
2855.0,8
2853.0,8
6036.0,8
4632.0,8
2759.0,8
8423.0,8
7260.0,8
6038.0,8
6249.0,8
3838.0,8
7751.0,8
5034.0,8
5840.0,8
5668.0,8
1626.0,8
3131.0,8
4662.0,8
5841.0,8
3827.0,8
5724.0,8
7957.0,8
1652.0,8
6351.0,7
6338.0,7
5527.0,7
5732.0,7
5528.0,7
4254.0,7
6339.0,7
5768.0,7
6247.0,7
4149.0,7
5654.0,7
4169.0,7
6268.0,7
5741.0,7
7557.0,7
4336.0,7
5735.0,7
858.0,7
6357.0,7
6168.0,7
3778.0,7
3183.0,7
5035.0,7
3128.0,7
3826.0,7
3830.0,7
5071.0,7
3064.0,7
2886.0,7
5124.0,7
3041.0,7
3040.0,7
3857.0,7
7168.0,7
2950.0,7
5465.0,7
6054.0,7
3776.0,7
4979.0,7
6066.0,7
3557.0,7
3468.0,7
4764.0,7
3447.0,7
3428.0,7
556.0,7
6528.0,7
4437.0,7
3362.0,7
3354.0,7
3334.0,7
3731.0,7
3283.0,7
4958.0,7
6086.0,7
7226.0,7
3864.0,7
2877.0,7
5255.0,7
5462.0,7
6829.0,7
4554.0,7
5958.0,7
4070.0,7
955.0,7
2450.0,7
7354.0,7
2530.0,7
4025.0,7
5268.0,7
5264.0,7
2870.0,7
3968.0,7
7332.0,7
3958.0,7
5241.0,7
5157.0,7
5165.0,7
3923.0,7
7252.0,7
6437.0,7
5224.0,7
3930.0,7
7860.0,7
2722.0,7
7326.0,7
5245.0,7
5954.0,6
5956.0,6
5927.0,6
6251.0,6
4435.0,6
6049.0,6
5946.0,6
5967.0,6
6087.0,6
6227.0,6
5872.0,6
6233.0,6
6057.0,6
6536.0,6
5781.0,6
6634.0,6
5181.0,6
6438.0,6
5159.0,6
5080.0,6
5078.0,6
5076.0,6
5075.0,6
5072.0,6
4673.0,6
4716.0,6
6464.0,6
4973.0,6
6468.0,6
4968.0,6
4965.0,6
4735.0,6
6551.0,6
4751.0,6
4931.0,6
4925.0,6
4872.0,6
4870.0,6
6531.0,6
4765.0,6
4836.0,6
5227.0,6
4618.0,6
5731.0,6
4617.0,6
5727.0,6
5723.0,6
5665.0,6
5661.0,6
5655.0,6
4473.0,6
4523.0,6
4534.0,6
6345.0,6
5629.0,6
5628.0,6
5566.0,6
5562.0,6
5546.0,6
5544.0,6
6356.0,6
5476.0,6
5456.0,6
5455.0,6
5436.0,6
5435.0,6
5381.0,6
6364.0,6
5346.0,6
6369.0,6
4572.0,6
6143.0,6
7635.0,6
7262.0,6
3169.0,6
3171.0,6
3821.0,6
2627.0,6
3772.0,6
2560.0,6
1728.0,6
1751.0,6
1752.0,6
1767.0,6
3741.0,6
1851.0,6
7655.0,6
3736.0,6
2531.0,6
1870.0,6
7645.0,6
3168.0,6
1561.0,6
1529.0,6
1263.0,6
7130.0,6
7263.0,6
3125.0,6
1255.0,6
6863.0,6
3127.0,6
3940.0,6
3132.0,6
3158.0,6
2662.0,6
7935.0,6
3140.0,6
3141.0,6
7330.0,6
6931.0,6
1456.0,6
3677.0,6
3675.0,6
6951.0,6
3432.0,6
7534.0,6
2150.0,6
3331.0,6
3333.0,6
3339.0,6
3458.0,6
2163.0,6
7459.0,6
3284.0,6
2229.0,6
3344.0,6
3382.0,6
7457.0,6
7046.0,6
3374.0,6
2324.0,6
6965.0,6
6959.0,6
1881.0,6
7562.0,6
7350.0,6
2466.0,6
3658.0,6
3653.0,6
3643.0,6
3241.0,6
1965.0,6
3262.0,6
7450.0,6
7433.0,6
3271.0,6
2363.0,6
2356.0,6
2073.0,6
3578.0,6
3576.0,6
2742.0,6
1552.0,6
3061.0,6
637.0,6
4359.0,6
4349.0,6
9029.0,6
2756.0,6
6831.0,6
4132.0,6
4325.0,6
4319.0,6
4147.0,6
1062.0,6
542.0,6
4269.0,6
4258.0,6
3045.0,6
4232.0,6
835.0,6
864.0,6
4177.0,6
4178.0,6
4226.0,6
4361.0,6
3086.0,6
6836.0,6
223.0,6
4386.0,6
2749.0,6
4057.0,6
7133.0,6
2932.0,6
6835.0,6
2929.0,6
3340.0,5
3651.0,5
7422.0,5
8810.0,5
3644.0,5
6033.0,5
7169.0,5
7055.0,5
6545.0,5
2934.0,5
2942.0,5
4923.0,5
5343.0,5
2027.0,5
6347.0,5
3038.0,5
4934.0,5
6022.0,5
4483.0,5
6361.0,5
3679.0,5
3681.0,5
5550.0,5
3629.0,5
3357.0,5
5360.0,5
4438.0,5
2335.0,5
2924.0,5
3347.0,5
3323.0,5
7047.0,5
6969.0,5
5438.0,5
5464.0,5
5136.0,5
5989.0,5
7432.0,5
6162.0,5
2836.0,5
4843.0,5
6365.0,5
4273.0,5
2063.0,5
3624.0,5
3269.0,5
2056.0,5
4444.0,5
4029.0,5
4515.0,5
4938.0,5
6944.0,5
1359.0,5
4079.0,5
8133.0,5
7117.0,5
6236.0,5
7135.0,5
4663.0,5
3137.0,5
1063.0,5
1567.0,5
3055.0,5
5258.0,5
1344.0,5
3926.0,5
7758.0,5
4552.0,5
6239.0,5
3859.0,5
7854.0,5
3157.0,5
6929.0,5
3777.0,5
3177.0,5
4531.0,5
7066.0,5
4221.0,5
4024.0,5
1251.0,5
5175.0,5
2738.0,5
5982.0,5
3124.0,5
6945.0,5
4043.0,5
2734.0,5
5860.0,5
2770.0,5
5853.0,5
1726.0,5
4071.0,5
2623.0,5
5682.0,5
3946.0,5
7268.0,5
5640.0,5
7454.0,4
2339.0,4
5254.0,4
7231.0,4
6431.0,4
7328.0,4
7327.0,4
2728.0,4
2873.0,4
5328.0,4
5226.0,4
7248.0,4
2527.0,4
5169.0,4
2544.0,4
5325.0,4
6370.0,4
6371.0,4
5275.0,4
2555.0,4
5168.0,4
2562.0,4
7249.0,4
2760.0,4
2633.0,4
2384.0,4
7245.0,4
2630.0,4
2824.0,4
2832.0,4
5331.0,4
6362.0,4
6436.0,4
2871.0,4
2352.0,4
5365.0,4
2631.0,4
4425.0,4
2327.0,4
5434.0,4
5926.0,4
8055.0,4
5923.0,4
5892.0,4
8036.0,4
5883.0,4
5882.0,4
8033.0,4
1253.0,4
1254.0,4
5864.0,4
6258.0,4
1258.0,4
5851.0,4
5843.0,4
5842.0,4
7956.0,4
5833.0,4
1345.0,4
5790.0,4
1356.0,4
5767.0,4
7858.0,4
5763.0,4
1427.0,4
1160.0,4
5928.0,4
6241.0,4
657.0,4
6148.0,4
6135.0,4
9328.0,4
6129.0,4
6128.0,4
6153.0,4
557.0,4
6084.0,4
6082.0,4
6163.0,4
634.0,4
663.0,4
1125.0,4
6055.0,4
718.0,4
756.0,4
861.0,4
6221.0,4
5988.0,4
6231.0,4
5965.0,4
1037.0,4
1064.0,4
1076.0,4
1429.0,4
7760.0,4
1560.0,4
2128.0,4
2029.0,4
7559.0,4
2037.0,4
6354.0,4
2062.0,4
7554.0,4
7550.0,4
7549.0,4
5467.0,4
7543.0,4
2085.0,4
6358.0,4
2025.0,4
2132.0,4
7530.0,4
2156.0,4
2159.0,4
2162.0,4
2181.0,4
5443.0,4
2232.0,4
2252.0,4
5437.0,4
7456.0,4
2028.0,4
1963.0,4
5738.0,4
6334.0,4
5737.0,4
5730.0,4
5728.0,4
1568.0,4
5725.0,4
7749.0,4
5722.0,4
7746.0,4
1666.0,4
6332.0,4
7735.0,4
1729.0,4
1960.0,4
7661.0,4
1758.0,4
1768.0,4
1858.0,4
5635.0,4
5630.0,4
7650.0,4
5626.0,4
5567.0,4
7643.0,4
7642.0,4
7220.0,4
7250.0,4
2936.0,4
3678.0,4
3631.0,4
6957.0,4
3646.0,4
3657.0,4
6954.0,4
4758.0,4
6953.0,4
3667.0,4
3669.0,4
6950.0,4
3755.0,4
3724.0,4
3732.0,4
4744.0,4
4743.0,4
3739.0,4
4730.0,4
4724.0,4
4723.0,4
3743.0,4
6543.0,4
3627.0,4
4831.0,4
3622.0,4
3267.0,4
3279.0,4
3282.0,4
7049.0,4
3324.0,4
3341.0,4
3351.0,4
7031.0,4
3380.0,4
3384.0,4
4866.0,4
3459.0,4
4861.0,4
3479.0,4
3485.0,4
3522.0,4
3532.0,4
3574.0,4
4847.0,4
6569.0,4
6948.0,4
3259.0,4
6659.0,4
4034.0,4
4073.0,4
4078.0,4
4122.0,4
4133.0,4
6819.0,4
4159.0,4
4532.0,4
4527.0,4
6664.0,4
4677.0,4
4468.0,4
6758.0,4
4241.0,4
4248.0,4
4270.0,4
6751.0,4
4328.0,4
4387.0,4
4416.0,4
4568.0,4
4026.0,4
3983.0,4
3978.0,4
3780.0,4
3782.0,4
3824.0,4
3828.0,4
3833.0,4
3839.0,4
3845.0,4
3846.0,4
3869.0,4
4644.0,4
6624.0,4
3927.0,4
3931.0,4
3932.0,4
6864.0,4
6631.0,4
3973.0,4
6644.0,4
6856.0,4
3266.0,4
4465.0,4
7123.0,4
2960.0,4
3081.0,4
3088.0,4
5070.0,4
7058.0,4
4980.0,4
5067.0,4
7060.0,4
3126.0,4
6456.0,4
3130.0,4
5032.0,4
3134.0,4
7152.0,4
3184.0,4
3135.0,4
3138.0,4
3155.0,4
7120.0,4
3164.0,4
7070.0,4
3178.0,4
3077.0,4
6451.0,4
7141.0,4
6445.0,4
3036.0,4
7140.0,4
5129.0,4
5084.0,4
3234.0,4
5130.0,4
7056.0,4
6467.0,4
6620.0,3
1655.0,3
3768.0,3
4472.0,3
5855.0,3
1256.0,3
4474.0,3
5859.0,3
1765.0,3
5881.0,3
6264.0,3
3740.0,3
6636.0,3
6552.0,3
7234.0,3
7329.0,3
2648.0,3
7651.0,3
5176.0,3
3142.0,3
5880.0,3
5582.0,3
6346.0,3
5180.0,3
5648.0,3
2758.0,3
5681.0,3
4035.0,3
4127.0,3
3924.0,3
5231.0,3
1360.0,3
1363.0,3
4143.0,3
6932.0,3
3928.0,3
4152.0,3
6768.0,3
7828.0,3
2745.0,3
1056.0,3
5225.0,3
3837.0,3
7425.0,3
1951.0,3
1563.0,3
7753.0,3
5077.0,3
3825.0,3
5888.0,3
6271.0,3
963.0,3
937.0,3
7748.0,3
4170.0,3
6340.0,3
6853.0,3
7048.0,3
7339.0,3
3579.0,3
6089.0,3
6060.0,3
4271.0,3
538.0,3
640.0,3
4274.0,3
6521.0,3
7455.0,3
6730.0,3
6466.0,3
2970.0,3
3478.0,3
3473.0,3
7529.0,3
6122.0,3
7025.0,3
4356.0,3
4978.0,3
4326.0,3
2227.0,3
3423.0,3
2231.0,3
3422.0,3
2525.0,3
3383.0,3
5368.0,3
5339.0,3
7338.0,3
7362.0,3
2979.0,3
2061.0,3
2361.0,3
3630.0,3
4775.0,3
3273.0,3
2364.0,3
2433.0,3
4774.0,3
2431.0,3
6546.0,3
7431.0,3
3636.0,3
6452.0,3
7634.0,3
4419.0,3
4879.0,3
5271.0,3
6719.0,3
3626.0,3
4433.0,3
7555.0,3
5538.0,3
6720.0,2
7144.0,2
6657.0,2
6825.0,2
6248.0,2
9527.0,2
9327.0,2
7224.0,2
6724.0,2
6246.0,2
8057.0,2
7246.0,2
6150.0,2
8059.0,2
6833.0,2
7165.0,2
9330.0,2
6245.0,2
6850.0,2
8826.0,2
7145.0,2
8521.0,2
7153.0,2
6665.0,2
6666.0,2
6760.0,2
8412.0,2
9020.0,2
6189.0,2
7225.0,2
8931.0,2
8125.0,2
8621.0,2
6668.0,2
8624.0,2
8625.0,2
8930.0,2
8911.0,2
7157.0,2
8832.0,2
6222.0,2
9026.0,2
6225.0,2
8410.0,2
9229.0,2
9030.0,2
7150.0,2
8156.0,2
8213.0,2
7160.0,2
6741.0,2
8257.0,2
6756.0,2
6764.0,2
6166.0,2
8322.0,2
6757.0,2
8324.0,2
6232.0,2
7244.0,2
7243.0,2
6736.0,2
7423.0,2
6855.0,2
7018.0,2
6962.0,2
7545.0,2
7343.0,2
6532.0,2
6534.0,2
7556.0,2
6353.0,2
6537.0,2
6542.0,2
7561.0,2
7337.0,2
7631.0,2
7335.0,2
6956.0,2
7068.0,2
7119.0,2
6949.0,2
6341.0,2
7170.0,2
6448.0,2
6337.0,2
7062.0,2
7535.0,2
6556.0,2
7059.0,2
7429.0,2
7440.0,2
7051.0,2
7443.0,2
7361.0,2
7451.0,2
7352.0,2
7453.0,2
6472.0,2
6363.0,2
7040.0,2
7036.0,2
6360.0,2
7027.0,2
6525.0,2
6526.0,2
7458.0,2
7349.0,2
7026.0,2
7023.0,2
7022.0,2
7656.0,2
6424.0,2
6642.0,2
7844.0,2
6936.0,2
7855.0,2
6921.0,2
6432.0,2
6868.0,2
6866.0,2
7926.0,2
6625.0,2
6865.0,2
6433.0,2
6626.0,2
6261.0,2
7938.0,2
7945.0,2
6260.0,2
7949.0,2
6630.0,2
7139.0,2
7960.0,2
6142.0,2
8026.0,2
7852.0,2
7834.0,2
7325.0,2
6269.0,2
7662.0,2
7721.0,2
6568.0,2
7322.0,2
7269.0,2
6946.0,2
7745.0,2
6619.0,2
6327.0,2
6326.0,2
6325.0,2
6287.0,2
6285.0,2
6942.0,2
7266.0,2
6622.0,2
6938.0,2
6270.0,2
6623.0,2
7128.0,2
7757.0,2
6937.0,2
9627.0,2
6141.0,2
2834.0,2
2736.0,2
2739.0,2
2743.0,2
2753.0,2
2761.0,2
2772.0,2
2773.0,2
2788.0,2
2825.0,2
2826.0,2
2829.0,2
2837.0,2
3029.0,2
2859.0,2
2862.0,2
2878.0,2
2888.0,2
2895.0,2
2928.0,2
2933.0,2
2949.0,2
2957.0,2
2962.0,2
2985.0,2
2730.0,2
2724.0,2
2677.0,2
2660.0,2
2382.0,2
2423.0,2
2427.0,2
2432.0,2
2434.0,2
2453.0,2
2468.0,2
2477.0,2
2485.0,2
2522.0,2
2524.0,2
2526.0,2
2545.0,2
2546.0,2
2548.0,2
2549.0,2
2554.0,2
2561.0,2
2570.0,2
2624.0,2
2642.0,2
2657.0,2
2658.0,2
3028.0,2
3034.0,2
2377.0,2
3528.0,2
3359.0,2
3360.0,2
3361.0,2
6140.0,2
3373.0,2
3376.0,2
3379.0,2
3425.0,2
3433.0,2
3469.0,2
3484.0,2
3533.0,2
3039.0,2
3565.0,2
3585.0,2
3635.0,2
3662.0,2
3663.0,2
3664.0,2
3673.0,2
3722.0,2
3765.0,2
3767.0,2
3775.0,2
3285.0,2
3278.0,2
3275.0,2
3272.0,2
3073.0,2
3074.0,2
3078.0,2
3080.0,2
3087.0,2
3090.0,2
3122.0,2
3139.0,2
3160.0,2
3170.0,2
3173.0,2
3175.0,2
3176.0,2
3181.0,2
3182.0,2
3222.0,2
3224.0,2
3231.0,2
3232.0,2
3233.0,2
3236.0,2
3240.0,2
3244.0,2
2380.0,2
2360.0,2
3854.0,2
1325.0,2
1049.0,2
1057.0,2
1151.0,2
1156.0,2
1165.0,2
1241.0,2
1252.0,2
1260.0,2
1262.0,2
1274.0,2
1324.0,2
1346.0,2
1466.0,2
1347.0,2
1348.0,2
1350.0,2
1351.0,2
1352.0,2
1426.0,2
1428.0,2
1450.0,2
1460.0,2
1461.0,2
1463.0,2
1038.0,2
1029.0,2
960.0,2
925.0,2
123.0,2
337.0,2
435.0,2
534.0,2
559.0,2
560.0,2
563.0,2
659.0,2
662.0,2
664.0,2
722.0,2
734.0,2
736.0,2
745.0,2
755.0,2
757.0,2
760.0,2
762.0,2
823.0,2
824.0,2
860.0,2
923.0,2
924.0,2
1464.0,2
1524.0,2
2354.0,2
2139.0,2
2049.0,2
2051.0,2
2065.0,2
2070.0,2
2080.0,2
2081.0,2
2082.0,2
2086.0,2
2127.0,2
2131.0,2
2133.0,2
2151.0,2
1525.0,2
2157.0,2
2182.0,2
2226.0,2
2251.0,2
2323.0,2
2326.0,2
2329.0,2
2330.0,2
2333.0,2
2342.0,2
2353.0,2
2031.0,2
1983.0,2
1973.0,2
1952.0,2
1526.0,2
1530.0,2
1553.0,2
1566.0,2
1631.0,2
1632.0,2
1642.0,2
1646.0,2
1653.0,2
1654.0,2
1674.0,2
1727.0,2
1733.0,2
1748.0,2
1749.0,2
1773.0,2
1829.0,2
1830.0,2
1848.0,2
1857.0,2
1862.0,2
1877.0,2
1931.0,2
3832.0,2
3372.0,2
3866.0,2
4940.0,2
4838.0,2
4841.0,2
4867.0,2
4873.0,2
4875.0,2
4917.0,2
4919.0,2
4920.0,2
4936.0,2
5824.0,2
4818.0,2
4941.0,2
4969.0,2
4972.0,2
5786.0,2
4974.0,2
5766.0,2
3867.0,2
5765.0,2
5031.0,2
4825.0,2
4813.0,2
5884.0,2
5863.0,2
4634.0,2
4637.0,2
5871.0,2
5568.0,2
4665.0,2
4678.0,2
5869.0,2
5868.0,2
4714.0,2
4720.0,2
4781.0,2
4721.0,2
5834.0,2
4732.0,2
4736.0,2
4747.0,2
4770.0,2
5828.0,2
4773.0,2
4779.0,2
5036.0,2
5037.0,2
5745.0,2
5644.0,2
5337.0,2
5376.0,2
5379.0,2
5380.0,2
5383.0,2
5426.0,2
5660.0,2
5656.0,2
5430.0,2
5458.0,2
5056.0,2
5641.0,2
5634.0,2
5633.0,2
5569.0,2
5530.0,2
5534.0,2
5542.0,2
5543.0,2
5564.0,2
5333.0,2
5289.0,2
5276.0,2
5247.0,2
5736.0,2
5729.0,2
5060.0,2
5082.0,2
5086.0,2
5088.0,2
5125.0,2
5166.0,2
5167.0,2
5183.0,2
5186.0,2
5673.0,2
5232.0,2
5669.0,2
5233.0,2
5234.0,2
5663.0,2
5235.0,2
5236.0,2
5873.0,2
4659.0,2
4628.0,2
4145.0,2
4072.0,2
4121.0,2
4124.0,2
6050.0,2
6037.0,2
6032.0,2
6031.0,2
6019.0,2
5985.0,2
4031.0,2
4148.0,2
4158.0,2
4173.0,2
4627.0,2
4231.0,2
4233.0,2
4272.0,2
5984.0,2
4036.0,2
4027.0,2
4276.0,2
3925.0,2
6139.0,2
3873.0,2
3877.0,2
3878.0,2
6138.0,2
3879.0,2
3882.0,2
3922.0,2
6124.0,2
4022.0,2
3967.0,2
3969.0,2
3974.0,2
6090.0,2
6081.0,2
6071.0,2
3981.0,2
6068.0,2
4275.0,2
5565.0,2
4317.0,2
4566.0,2
5959.0,2
5955.0,2
4543.0,2
4563.0,2
5947.0,2
5940.0,2
5938.0,2
4574.0,2
5971.0,2
5930.0,2
5924.0,2
4583.0,2
4614.0,2
4616.0,2
4620.0,2
4621.0,2
5968.0,2
4533.0,2
23.0,2
4368.0,2
5983.0,2
4377.0,2
4369.0,2
4432.0,2
4434.0,2
4475.0,2
4422.0,2
5981.0,2
4366.0,2
4517.0,2
4318.0,2
7851.0,1
1257.0,1
6147.0,1
6131.0,1
5639.0,1
1264.0,1
7747.0,1
5643.0,1
9427.0,1
7955.0,1
6169.0,1
5936.0,1
5839.0,1
6120.0,1
6290.0,1
6228.0,1
6333.0,1
5937.0,1
5688.0,1
6164.0,1
6226.0,1
5950.0,1
1361.0,1
6067.0,1
5678.0,1
5677.0,1
8831.0,1
8424.0,1
5026.0,1
5474.0,1
4520.0,1
7053.0,1
4175.0,1
3227.0,1
6755.0,1
7127.0,1
3123.0,1
4514.0,1
3070.0,1
3281.0,1
3042.0,1
4524.0,1
3035.0,1
3026.0,1
7159.0,1
2989.0,1
7161.0,1
4141.0,1
4137.0,1
2959.0,1
3975.0,1
3822.0,1
3781.0,1
3769.0,1
3727.0,1
6922.0,1
3934.0,1
6960.0,1
3525.0,1
3286.0,1
3524.0,1
3475.0,1
3982.0,1
3366.0,1
4126.0,1
4129.0,1
3322.0,1
2971.0,1
7166.0,1
1880.0,1
7553.0,1
7439.0,1
6441.0,1
2277.0,1
5230.0,1
2184.0,1
2180.0,1
6429.0,1
2030.0,1
2376.0,1
2026.0,1
7629.0,1
5432.0,1
1957.0,1
5460.0,1
1927.0,1
1926.0,1
2365.0,1
2378.0,1
6646.0,1
6618.0,1
2939.0,1
2887.0,1
4629.0,1
4630.0,1
7238.0,1
2777.0,1
7247.0,1
2771.0,1
2422.0,1
4722.0,1
2723.0,1
2653.0,1
6520.0,1
2441.0,1
5023.0,1
2426.0,1
0.0,1
